,data,order,address,note
0,0.5129890347948888,0.8543962518033101,0.5365555625682479,-1.0400016432294632
1,-0.6080262985881109,0.49317130281765664,-0.792403869110793,0.42274358086782116
2,0.2956856992909278,-0.8607174688014038,-0.25729652359842436,-0.08314568303562654
